10;944;1074;20;20;"3";"25";"25"
10;963;1074;20;20;"3";"26";"26"
10;982;1074;20;20;"3";"27";"27"
10;1001;1075;20;20;"3";"28";"28"
10;1021;1076;20;20;"3";"29";"29"
10;492;1166;20;20;"3";"3";"3"
10;1040;1078;20;20;"3";"30";"30"
10;1118;1089;20;20;"3";"31";"31"
10;1137;1093;20;20;"3";"32";"32"
10;1156;1097;20;20;"3";"33";"33"
10;1175;1101;20;20;"3";"34";"34"
10;1194;1105;20;20;"3";"35";"35"
10;1212;1110;20;20;"3";"36";"36"
10;1231;1116;20;20;"3";"37";"37"
10;1249;1121;20;20;"3";"38";"38"
10;1267;1127;20;20;"3";"39";"39"
10;509;1157;20;20;"3";"4";"4"
10;1286;1133;20;20;"3";"40";"40"
10;1303;1140;20;20;"3";"41";"41"
10;1321;1148;20;20;"3";"42";"42"
10;1339;1156;20;20;"3";"43";"43"
10;1356;1163;20;20;"3";"44";"44"
10;527;1148;20;20;"3";"5";"5"
10;544;1141;20;20;"3";"6";"6"
10;562;1134;20;20;"3";"7";"7"
10;580;1127;20;20;"3";"8";"8"
10;598;1120;20;20;"3";"9";"9"
10;449;1161;20;20;"4";"1";"1"
10;608;1092;20;20;"4";"10";"10"
10;626;1087;20;20;"4";"11";"11"
10;645;1082;20;20;"4";"12";"12"
10;663;1077;20;20;"4";"13";"13"
10;682;1072;20;20;"4";"14";"14"
10;752;1055;20;20;"4";"15";"15"
10;771;1054;20;20;"4";"16";"16"
10;790;1052;20;20;"4";"17";"17"
10;809;1051;20;20;"4";"18";"18"
10;828;1050;20;20;"4";"19";"19"
10;466;1152;20;20;"4";"2";"2"
10;848;1049;20;20;"4";"20";"20"
10;867;1049;20;20;"4";"21";"21"
10;886;1049;20;20;"4";"22";"22"
10;905;1049;20;20;"4";"23";"23"
10;925;1049;20;20;"4";"24";"24"
10;944;1049;20;20;"4";"25";"25"
10;963;1049;20;20;"4";"26";"26"
10;982;1050;20;20;"4";"27";"27"
10;1001;1051;20;20;"4";"28";"28"
10;1021;1052;20;20;"4";"29";"29"
10;483;1143;20;20;"4";"3";"3"
10;1040;1053;20;20;"4";"30";"30"
10;1126;1066;20;20;"4";"31";"31"
10;1145;1070;20;20;"4";"32";"32"
10;1164;1074;20;20;"4";"33";"33"
10;1182;1078;20;20;"4";"34";"34"
10;1201;1082;20;20;"4";"35";"35"
10;1220;1087;20;20;"4";"36";"36"
10;1238;1093;20;20;"4";"37";"37"
10;1257;1099;20;20;"4";"38";"38"
10;1275;1105;20;20;"4";"39";"39"
10;500;1134;20;20;"4";"4";"4"
10;1293;1110;20;20;"4";"40";"40"
10;1311;1118;20;20;"4";"41";"41"
10;1329;1125;20;20;"4";"42";"42"
10;1346;1133;20;20;"4";"43";"43"
10;1364;1141;20;20;"4";"44";"44"
10;518;1126;20;20;"4";"5";"5"
10;536;1119;20;20;"4";"6";"6"
10;553;1112;20;20;"4";"7";"7"
10;571;1105;20;20;"4";"8";"8"
10;589;1098;20;20;"4";"9";"9"
10;440;1140;20;20;"5";"1";"1"
10;599;1071;20;20;"5";"10";"10"
10;617;1066;20;20;"5";"11";"11"
10;636;1061;20;20;"5";"12";"12"
10;654;1056;20;20;"5";"13";"13"
10;673;1051;20;20;"5";"14";"14"
10;740;1030;20;20;"5";"15";"15"
10;760;1029;20;20;"5";"16";"16"
10;779;1028;20;20;"5";"17";"17"
10;798;1027;20;20;"5";"18";"18"
10;817;1025;20;20;"5";"19";"19"
10;457;1131;20;20;"5";"2";"2"
10;837;1025;20;20;"5";"20";"20"
10;856;1024;20;20;"5";"21";"21"
10;875;1024;20;20;"5";"22";"22"
10;894;1024;20;20;"5";"23";"23"
10;913;1024;20;20;"5";"24";"24"
10;933;1024;20;20;"5";"25";"25"
10;952;1024;20;20;"5";"26";"26"
10;971;1025;20;20;"5";"27";"27"
10;990;1025;20;20;"5";"28";"28"
10;1010;1026;20;20;"5";"29";"29"
10;474;1122;20;20;"5";"3";"3"
10;1029;1027;20;20;"5";"30";"30"
10;1048;1028;20;20;"5";"31";"31"
10;1133;1045;20;20;"5";"32";"32"
10;1152;1048;20;20;"5";"33";"33"
10;1171;1052;20;20;"5";"34";"34"
10;1190;1056;20;20;"5";"35";"35"
10;1209;1060;20;20;"5";"36";"36"
10;1227;1065;20;20;"5";"37";"37"
10;1246;1071;20;20;"5";"38";"38"
10;1264;1077;20;20;"5";"39";"39"
10;492;1113;20;20;"5";"4";"4"
10;1282;1083;20;20;"5";"40";"40"
10;1301;1089;20;20;"5";"41";"41"
10;1319;1096;20;20;"5";"42";"42"
10;1336;1104;20;20;"5";"43";"43"
10;1354;1111;20;20;"5";"44";"44"
10;1371;1119;20;20;"5";"45";"45"
10;509;1105;20;20;"5";"5";"5"
10;527;1098;20;20;"5";"6";"6"
10;545;1091;20;20;"5";"7";"7"
10;563;1084;20;20;"5";"8";"8"
10;581;1077;20;20;"5";"9";"9"
10;413;1125;20;20;"6";"1";"1"
10;571;1055;20;20;"6";"10";"10"
10;590;1050;20;20;"6";"11";"11"
10;608;1045;20;20;"6";"12";"12"
10;627;1040;20;20;"6";"13";"13"
10;646;1035;20;20;"6";"14";"14"
10;664;1030;20;20;"6";"15";"15"
10;740;1006;20;20;"6";"16";"16"
10;760;1005;20;20;"6";"17";"17"
10;779;1003;20;20;"6";"18";"18"
10;798;1002;20;20;"6";"19";"19"
10;430;1117;20;20;"6";"2";"2"
10;817;1001;20;20;"6";"20";"20"
10;837;1000;20;20;"6";"21";"21"
10;856;1000;20;20;"6";"22";"22"
10;875;1000;20;20;"6";"23";"23"
10;894;1000;20;20;"6";"24";"24"
10;913;999;20;20;"6";"25";"25"
10;933;1000;20;20;"6";"26";"26"
10;952;1000;20;20;"6";"27";"27"
10;971;1000;20;20;"6";"28";"28"
10;990;1000;20;20;"6";"29";"29"
10;447;1108;20;20;"6";"3";"3"
10;1010;1001;20;20;"6";"30";"30"
10;1029;1003;20;20;"6";"31";"31"
10;1048;1004;20;20;"6";"32";"32"
10;1142;1022;20;20;"6";"33";"33"
10;1161;1026;20;20;"6";"34";"34"
10;1180;1030;20;20;"6";"35";"35"
10;1198;1034;20;20;"6";"36";"36"
10;1217;1038;20;20;"6";"37";"37"
10;1236;1042;20;20;"6";"38";"38"
10;1254;1048;20;20;"6";"39";"39"
10;464;1099;20;20;"6";"4";"4"
10;1273;1054;20;20;"6";"40";"40"
10;1291;1060;20;20;"6";"41";"41"
10;1309;1066;20;20;"6";"42";"42"
10;1327;1072;20;20;"6";"43";"43"
10;1345;1079;20;20;"6";"44";"44"
10;1363;1087;20;20;"6";"45";"45"
10;1380;1095;20;20;"6";"46";"46"
10;1398;1103;20;20;"6";"47";"47"
10;482;1090;20;20;"6";"5";"5"
10;500;1083;20;20;"6";"6";"6"
10;517;1076;20;20;"6";"7";"7"
10;535;1069;20;20;"6";"8";"8"
10;553;1062;20;20;"6";"9";"9"
10;404;1103;20;20;"7";"1";"1"
10;562;1033;20;20;"7";"10";"10"
10;581;1028;20;20;"7";"11";"11"
10;599;1023;20;20;"7";"12";"12"
10;618;1018;20;20;"7";"13";"13"
10;637;1013;20;20;"7";"14";"14"
10;655;1008;20;20;"7";"15";"15"
10;731;981;20;20;"7";"16";"16"
10;750;980;20;20;"7";"17";"17"
10;769;979;20;20;"7";"18";"18"
10;788;978;20;20;"7";"19";"19"
10;421;1094;20;20;"7";"2";"2"
10;807;976;20;20;"7";"20";"20"
10;827;976;20;20;"7";"21";"21"
10;846;975;20;20;"7";"22";"22"
10;865;975;20;20;"7";"23";"23"
10;884;975;20;20;"7";"24";"24"
10;904;975;20;20;"7";"25";"25"
10;923;975;20;20;"7";"26";"26"
10;942;975;20;20;"7";"27";"27"
10;961;975;20;20;"7";"28";"28"
10;981;976;20;20;"7";"29";"29"
10;438;1085;20;20;"7";"3";"3"
10;1000;976;20;20;"7";"30";"30"
10;1019;977;20;20;"7";"31";"31"
10;1038;979;20;20;"7";"32";"32"
10;1057;980;20;20;"7";"33";"33"
10;1150;999;20;20;"7";"34";"34"
10;1168;1003;20;20;"7";"35";"35"
10;1187;1007;20;20;"7";"36";"36"
10;1206;1011;20;20;"7";"37";"37"
10;1225;1015;20;20;"7";"38";"38"
10;1244;1019;20;20;"7";"39";"39"
10;455;1077;20;20;"7";"4";"4"
10;1262;1025;20;20;"7";"40";"40"
10;1280;1031;20;20;"7";"41";"41"
10;1299;1037;20;20;"7";"42";"42"
10;1317;1043;20;20;"7";"43";"43"
10;1335;1049;20;20;"7";"44";"44"
10;1353;1057;20;20;"7";"45";"45"
10;1370;1064;20;20;"7";"46";"46"
10;1388;1072;20;20;"7";"47";"47"
10;1406;1080;20;20;"7";"48";"48"
10;473;1068;20;20;"7";"5";"5"
10;491;1061;20;20;"7";"6";"6"
10;509;1054;20;20;"7";"7";"7"
10;526;1047;20;20;"7";"8";"8"
10;544;1040;20;20;"7";"9";"9"
10;395;1081;20;20;"8";"1";"1"
10;553;1011;20;20;"8";"10";"10"
10;572;1005;20;20;"8";"11";"11"
10;591;1001;20;20;"8";"12";"12"
10;609;996;20;20;"8";"13";"13"
10;628;991;20;20;"8";"14";"14"
10;646;986;20;20;"8";"15";"15"
10;731;957;20;20;"8";"16";"16"
10;750;956;20;20;"8";"17";"17"
10;769;954;20;20;"8";"18";"18"
10;788;953;20;20;"8";"19";"19"
10;412;1072;20;20;"8";"2";"2"
10;807;952;20;20;"8";"20";"20"
10;827;951;20;20;"8";"21";"21"
10;846;951;20;20;"8";"22";"22"
10;865;951;20;20;"8";"23";"23"
10;884;950;20;20;"8";"24";"24"
10;904;950;20;20;"8";"25";"25"
10;923;950;20;20;"8";"26";"26"
10;942;951;20;20;"8";"27";"27"
10;961;951;20;20;"8";"28";"28"
10;981;951;20;20;"8";"29";"29"
10;430;1063;20;20;"8";"3";"3"
10;1000;952;20;20;"8";"30";"30"
10;1019;953;20;20;"8";"31";"31"
10;1038;954;20;20;"8";"32";"32"
10;1057;955;20;20;"8";"33";"33"
10;1157;976;20;20;"8";"34";"34"
10;1176;980;20;20;"8";"35";"35"
10;1195;984;20;20;"8";"36";"36"
10;1214;988;20;20;"8";"37";"37"
10;1233;992;20;20;"8";"38";"38"
10;1251;997;20;20;"8";"39";"39"
10;447;1054;20;20;"8";"4";"4"
10;1270;1002;20;20;"8";"40";"40"
10;1288;1008;20;20;"8";"41";"41"
10;1306;1014;20;20;"8";"42";"42"
10;1324;1020;20;20;"8";"43";"43"
10;1343;1026;20;20;"8";"44";"44"
10;1360;1034;20;20;"8";"45";"45"
10;1378;1042;20;20;"8";"46";"46"
10;1396;1050;20;20;"8";"47";"47"
10;1413;1057;20;20;"8";"48";"48"
10;464;1046;20;20;"8";"5";"5"
10;482;1039;20;20;"8";"6";"6"
10;500;1032;20;20;"8";"7";"7"
10;518;1025;20;20;"8";"8";"8"
10;535;1018;20;20;"8";"9";"9"
10;386;1058;20;20;"9";"1";"1"
10;545;989;20;20;"9";"10";"10"
10;563;983;20;20;"9";"11";"11"
10;582;978;20;20;"9";"12";"12"
10;600;973;20;20;"9";"13";"13"
10;619;968;20;20;"9";"14";"14"
10;637;963;20;20;"9";"15";"15"
10;721;932;20;20;"9";"16";"16"
10;740;931;20;20;"9";"17";"17"
10;759;930;20;20;"9";"18";"18"
10;778;929;20;20;"9";"19";"19"
10;403;1050;20;20;"9";"2";"2"
10;797;928;20;20;"9";"20";"20"
10;817;926;20;20;"9";"21";"21"
10;836;926;20;20;"9";"22";"22"
10;855;926;20;20;"9";"23";"23"
10;874;926;20;20;"9";"24";"24"
10;894;925;20;20;"9";"25";"25"
10;913;925;20;20;"9";"26";"26"
10;932;926;20;20;"9";"27";"27"
10;951;926;20;20;"9";"28";"28"
10;971;926;20;20;"9";"29";"29"
10;421;1041;20;20;"9";"3";"3"
10;990;926;20;20;"9";"30";"30"
10;1009;927;20;20;"9";"31";"31"
10;1028;929;20;20;"9";"32";"32"
10;1047;930;20;20;"9";"33";"33"
10;1067;931;20;20;"9";"34";"34"
10;1165;953;20;20;"9";"35";"35"
10;1184;957;20;20;"9";"36";"36"
10;1203;961;20;20;"9";"37";"37"
10;1221;965;20;20;"9";"38";"38"
10;1240;969;20;20;"9";"39";"39"
10;438;1032;20;20;"9";"4";"4"
10;1259;974;20;20;"9";"40";"40"
10;1277;980;20;20;"9";"41";"41"
10;1296;986;20;20;"9";"42";"42"
10;1314;992;20;20;"9";"43";"43"
10;1332;997;20;20;"9";"44";"44"
10;1350;1003;20;20;"9";"45";"45"
10;1368;1011;20;20;"9";"46";"46"
10;1386;1019;20;20;"9";"47";"47"
10;1403;1027;20;20;"9";"48";"48"
10;1421;1035;20;20;"9";"49";"49"
10;455;1023;20;20;"9";"5";"5"
10;473;1016;20;20;"9";"6";"6"
10;491;1009;20;20;"9";"7";"7"
10;509;1002;20;20;"9";"8";"8"
10;527;995;20;20;"9";"9";"9"
20;364;883;20;20;"1";"1";"1"
20;518;852;20;20;"1";"10";"10"
20;535;845;20;20;"1";"11";"11"
20;550;837;20;20;"1";"12";"12"
20;565;828;20;20;"1";"13";"13"
20;579;817;20;20;"1";"14";"14"
20;593;806;20;20;"1";"15";"15"
20;606;794;20;20;"1";"16";"16"
20;619;783;20;20;"1";"17";"17"
20;633;772;20;20;"1";"18";"18"
20;647;760;20;20;"1";"19";"19"
20;382;881;20;20;"1";"2";"2"
20;731;725;20;20;"1";"20";"20"
20;748;720;20;20;"1";"21";"21"
20;764;714;20;20;"1";"22";"22"
20;781;709;20;20;"1";"23";"23"
20;798;705;20;20;"1";"24";"24"
20;815;701;20;20;"1";"25";"25"
20;832;698;20;20;"1";"26";"26"
20;850;696;20;20;"1";"27";"27"
20;867;696;20;20;"1";"28";"28"
20;932;696;20;20;"1";"29";"29"
20;399;880;20;20;"1";"3";"3"
20;949;696;20;20;"1";"30";"30"
20;967;698;20;20;"1";"31";"31"
20;984;701;20;20;"1";"32";"32"
20;1001;705;20;20;"1";"33";"33"
20;1018;709;20;20;"1";"34";"34"
20;1035;714;20;20;"1";"35";"35"
20;1052;720;20;20;"1";"36";"36"
20;1068;727;20;20;"1";"37";"37"
20;1156;765;20;20;"1";"38";"38"
20;1170;775;20;20;"1";"39";"39"
20;417;878;20;20;"1";"4";"4"
20;1184;786;20;20;"1";"40";"40"
20;1197;798;20;20;"1";"41";"41"
20;1210;809;20;20;"1";"42";"42"
20;1224;820;20;20;"1";"43";"43"
20;1238;831;20;20;"1";"44";"44"
20;1253;840;20;20;"1";"45";"45"
20;1268;848;20;20;"1";"46";"46"
20;1284;855;20;20;"1";"47";"47"
20;1301;862;20;20;"1";"48";"48"
20;1318;867;20;20;"1";"49";"49"
20;434;875;20;20;"1";"5";"5"
20;1334;872;20;20;"1";"50";"50"
20;1352;875;20;20;"1";"51";"51"
20;1369;878;20;20;"1";"52";"52"
20;1386;881;20;20;"1";"53";"53"
20;1404;883;20;20;"1";"54";"54"
20;1421;884;20;20;"1";"55";"55"
20;1439;886;20;20;"1";"56";"56"
20;451;872;20;20;"1";"6";"6"
20;468;868;20;20;"1";"7";"7"
20;485;864;20;20;"1";"8";"8"
20;502;859;20;20;"1";"9";"9"
20;431;697;20;20;"10";"1";"1"
20;633;586;20;20;"10";"10";"10"
20;649;576;20;20;"10";"11";"11"
20;665;570;20;20;"10";"12";"12"
20;682;563;20;20;"10";"13";"13"
20;698;557;20;20;"10";"14";"14"
20;715;552;20;20;"10";"15";"15"
20;732;547;20;20;"10";"16";"16"
20;748;544;20;20;"10";"17";"17"
20;765;540;20;20;"10";"18";"18"
20;783;536;20;20;"10";"19";"19"
20;448;693;20;20;"10";"2";"2"
20;800;533;20;20;"10";"20";"20"
20;817;530;20;20;"10";"21";"21"
20;835;528;20;20;"10";"22";"22"
20;852;528;20;20;"10";"23";"23"
20;870;528;20;20;"10";"24";"24"
20;930;528;20;20;"10";"25";"25"
20;947;528;20;20;"10";"26";"26"
20;965;528;20;20;"10";"27";"27"
20;982;530;20;20;"10";"28";"28"
20;999;533;20;20;"10";"29";"29"
20;463;685;20;20;"10";"3";"3"
20;1017;536;20;20;"10";"30";"30"
20;1034;540;20;20;"10";"31";"31"
20;1051;544;20;20;"10";"32";"32"
20;1068;549;20;20;"10";"33";"33"
20;1084;554;20;20;"10";"34";"34"
20;1101;559;20;20;"10";"35";"35"
20;1118;565;20;20;"10";"36";"36"
20;1134;572;20;20;"10";"37";"37"
20;1150;578;20;20;"10";"38";"38"
20;1166;586;20;20;"10";"39";"39"
20;544;641;20;20;"10";"4";"4"
20;1182;593;20;20;"10";"40";"40"
20;1198;601;20;20;"10";"41";"41"
20;1213;610;20;20;"10";"42";"42"
20;1228;619;20;20;"10";"43";"43"
20;1242;630;20;20;"10";"44";"44"
20;1255;641;20;20;"10";"45";"45"
20;1340;688;20;20;"10";"46";"46"
20;1355;697;20;20;"10";"47";"47"
20;1372;700;20;20;"10";"48";"48"
20;558;630;20;20;"10";"5";"5"
20;571;619;20;20;"10";"6";"6"
20;586;610;20;20;"10";"7";"7"
20;601;601;20;20;"10";"8";"8"
20;617;593;20;20;"10";"9";"9"
20;299;782;20;20;"11";"1";"1"
20;1443;691;20;20;"11";"19";"19"
20;310;767;20;20;"11";"2";"2"
20;1454;707;20;20;"11";"20";"20"
20;1465;722;20;20;"11";"21";"21"
20;1481;751;20;20;"11";"22";"22"
20;1492;767;20;20;"11";"23";"23"
20;1503;782;20;20;"11";"24";"24"
20;322;751;20;20;"11";"3";"3"
20;336;722;20;20;"11";"4";"4"
20;348;707;20;20;"11";"5";"5"
20;359;691;20;20;"11";"6";"6"
20;370;862;20;20;"2";"1";"1"
20;523;827;20;20;"2";"10";"10"
20;539;819;20;20;"2";"11";"11"
20;554;810;20;20;"2";"12";"12"
20;569;801;20;20;"2";"13";"13"
20;582;790;20;20;"2";"14";"14"
20;596;779;20;20;"2";"15";"15"
20;608;766;20;20;"2";"16";"16"
20;620;754;20;20;"2";"17";"17"
20;715;712;20;20;"2";"18";"18"
20;731;704;20;20;"2";"19";"19"
20;387;860;20;20;"2";"2";"2"
20;747;700;20;20;"2";"20";"20"
20;764;695;20;20;"2";"21";"21"
20;781;690;20;20;"2";"22";"22"
20;798;686;20;20;"2";"23";"23"
20;815;683;20;20;"2";"24";"24"
20;833;681;20;20;"2";"25";"25"
20;850;679;20;20;"2";"26";"26"
20;868;678;20;20;"2";"27";"27"
20;931;678;20;20;"2";"28";"28"
20;949;679;20;20;"2";"29";"29"
20;405;858;20;20;"2";"3";"3"
20;966;681;20;20;"2";"30";"30"
20;984;683;20;20;"2";"31";"31"
20;1001;686;20;20;"2";"32";"32"
20;1018;690;20;20;"2";"33";"33"
20;1035;695;20;20;"2";"34";"34"
20;1052;700;20;20;"2";"35";"35"
20;1068;706;20;20;"2";"36";"36"
20;1084;714;20;20;"2";"37";"37"
20;1182;757;20;20;"2";"38";"38"
20;1195;770;20;20;"2";"39";"39"
20;422;856;20;20;"2";"4";"4"
20;1207;782;20;20;"2";"40";"40"
20;1221;793;20;20;"2";"41";"41"
20;1234;804;20;20;"2";"42";"42"
20;1249;814;20;20;"2";"43";"43"
20;1264;823;20;20;"2";"44";"44"
20;1280;831;20;20;"2";"45";"45"
20;1296;837;20;20;"2";"46";"46"
20;1312;844;20;20;"2";"47";"47"
20;1329;848;20;20;"2";"48";"48"
20;1346;853;20;20;"2";"49";"49"
20;440;853;20;20;"2";"5";"5"
20;1363;857;20;20;"2";"50";"50"
20;1381;859;20;20;"2";"51";"51"
20;1398;861;20;20;"2";"52";"52"
20;1415;863;20;20;"2";"53";"53"
20;1433;865;20;20;"2";"54";"54"
20;457;849;20;20;"2";"6";"6"
20;474;845;20;20;"2";"7";"7"
20;491;840;20;20;"2";"8";"8"
20;507;834;20;20;"2";"9";"9"
20;379;840;20;20;"3";"1";"1"
20;531;801;20;20;"3";"10";"10"
20;546;792;20;20;"3";"11";"11"
20;560;782;20;20;"3";"12";"12"
20;574;771;20;20;"3";"13";"13"
20;587;760;20;20;"3";"14";"14"
20;600;748;20;20;"3";"15";"15"
20;683;707;20;20;"3";"16";"16"
20;698;699;20;20;"3";"17";"17"
20;714;691;20;20;"3";"18";"18"
20;730;685;20;20;"3";"19";"19"
20;397;838;20;20;"3";"2";"2"
20;747;681;20;20;"3";"20";"20"
20;764;676;20;20;"3";"21";"21"
20;781;672;20;20;"3";"22";"22"
20;798;668;20;20;"3";"23";"23"
20;815;665;20;20;"3";"24";"24"
20;833;663;20;20;"3";"25";"25"
20;850;661;20;20;"3";"26";"26"
20;868;659;20;20;"3";"27";"27"
20;932;659;20;20;"3";"28";"28"
20;949;661;20;20;"3";"29";"29"
20;414;836;20;20;"3";"3";"3"
20;967;663;20;20;"3";"30";"30"
20;984;665;20;20;"3";"31";"31"
20;1001;668;20;20;"3";"32";"32"
20;1018;672;20;20;"3";"33";"33"
20;1035;676;20;20;"3";"34";"34"
20;1052;681;20;20;"3";"35";"35"
20;1069;687;20;20;"3";"36";"36"
20;1085;693;20;20;"3";"37";"37"
20;1101;701;20;20;"3";"38";"38"
20;1117;709;20;20;"3";"39";"39"
20;432;834;20;20;"3";"4";"4"
20;1203;751;20;20;"3";"40";"40"
20;1216;763;20;20;"3";"41";"41"
20;1229;775;20;20;"3";"42";"42"
20;1243;785;20;20;"3";"43";"43"
20;1257;795;20;20;"3";"44";"44"
20;1272;804;20;20;"3";"45";"45"
20;1288;813;20;20;"3";"46";"46"
66;640;207;20;20;"3";"32";"32"
66;658;202;20;20;"3";"33";"33"
66;677;197;20;20;"3";"34";"34"
66;696;193;20;20;"3";"35";"35"
66;715;189;20;20;"3";"36";"36"
66;734;186;20;20;"3";"37";"37"
66;753;184;20;20;"3";"38";"38"
66;772;181;20;20;"3";"39";"39"
66;189;569;20;20;"3";"4";"4"
66;791;179;20;20;"3";"40";"40"
66;810;178;20;20;"3";"41";"41"
66;829;178;20;20;"3";"42";"42"
66;848;177;20;20;"3";"43";"43"
66;868;176;20;20;"3";"44";"44"
66;939;176;20;20;"3";"45";"45"
66;959;177;20;20;"3";"46";"46"
66;978;178;20;20;"3";"47";"47"
66;997;178;20;20;"3";"48";"48"
66;1016;179;20;20;"3";"49";"49"
66;199;552;20;20;"3";"5";"5"
66;1035;181;20;20;"3";"50";"50"
66;1054;184;20;20;"3";"51";"51"
66;1074;186;20;20;"3";"52";"52"
66;1093;189;20;20;"3";"53";"53"
66;1111;193;20;20;"3";"54";"54"
66;1130;197;20;20;"3";"55";"55"
66;1149;202;20;20;"3";"56";"56"
66;1167;207;20;20;"3";"57";"57"
66;1186;213;20;20;"3";"58";"58"
66;1204;219;20;20;"3";"59";"59"
66;207;535;20;20;"3";"6";"6"
66;1222;226;20;20;"3";"60";"60"
66;1239;234;20;20;"3";"61";"61"
66;1257;242;20;20;"3";"62";"62"
66;1273;252;20;20;"3";"63";"63"
66;1329;291;20;20;"3";"64";"64"
66;1344;302;20;20;"3";"65";"65"
66;1360;312;20;20;"3";"66";"66"
66;1378;320;20;20;"3";"67";"67"
66;1397;323;20;20;"3";"68";"68"
66;1442;318;20;20;"3";"69";"69"
66;216;518;20;20;"3";"7";"7"
66;1455;332;20;20;"3";"70";"70"
66;1468;346;20;20;"3";"71";"71"
66;1482;360;20;20;"3";"72";"72"
66;1495;374;20;20;"3";"73";"73"
66;1507;389;20;20;"3";"74";"74"
66;1519;404;20;20;"3";"75";"75"
66;1531;419;20;20;"3";"76";"76"
66;1542;435;20;20;"3";"77";"77"
66;1552;451;20;20;"3";"78";"78"
66;1563;467;20;20;"3";"79";"79"
66;225;501;20;20;"3";"8";"8"
66;1572;484;20;20;"3";"80";"80"
66;1582;501;20;20;"3";"81";"81"
66;1591;518;20;20;"3";"82";"82"
66;1600;535;20;20;"3";"83";"83"
66;1609;552;20;20;"3";"84";"84"
66;1618;569;20;20;"3";"85";"85"
66;1628;585;20;20;"3";"86";"86"
66;1640;600;20;20;"3";"87";"87"
66;1653;614;20;20;"3";"88";"88"
66;235;484;20;20;"3";"9";"9"
66;429;294;20;20;"4";"1";"1"
66;621;186;20;20;"4";"10";"10"
66;640;180;20;20;"4";"11";"11"
66;658;175;20;20;"4";"12";"12"
66;677;171;20;20;"4";"13";"13"
66;696;166;20;20;"4";"14";"14"
66;715;162;20;20;"4";"15";"15"
66;734;159;20;20;"4";"16";"16"
66;753;157;20;20;"4";"17";"17"
66;772;154;20;20;"4";"18";"18"
66;791;152;20;20;"4";"19";"19"
66;445;283;20;20;"4";"2";"2"
66;810;151;20;20;"4";"20";"20"
66;829;150;20;20;"4";"21";"21"
66;849;150;20;20;"4";"22";"22"
66;868;149;20;20;"4";"23";"23"
66;939;149;20;20;"4";"24";"24"
66;959;150;20;20;"4";"25";"25"
66;978;150;20;20;"4";"26";"26"
66;997;151;20;20;"4";"27";"27"
66;1016;152;20;20;"4";"28";"28"
66;1035;154;20;20;"4";"29";"29"
66;460;271;20;20;"4";"3";"3"
66;1054;157;20;20;"4";"30";"30"
66;1073;159;20;20;"4";"31";"31"
66;1092;162;20;20;"4";"32";"32"
66;1111;166;20;20;"4";"33";"33"
66;1130;171;20;20;"4";"34";"34"
66;1149;175;20;20;"4";"35";"35"
66;1167;180;20;20;"4";"36";"36"
66;1186;186;20;20;"4";"37";"37"
66;1204;192;20;20;"4";"38";"38"
66;1222;199;20;20;"4";"39";"39"
66;515;231;20;20;"4";"4";"4"
66;1240;206;20;20;"4";"40";"40"
66;1257;213;20;20;"4";"41";"41"
66;1275;222;20;20;"4";"42";"42"
66;1292;231;20;20;"4";"43";"43"
66;1347;271;20;20;"4";"44";"44"
66;1362;283;20;20;"4";"45";"45"
66;1378;294;20;20;"4";"46";"46"
66;532;222;20;20;"4";"5";"5"
66;550;213;20;20;"4";"6";"6"
66;567;206;20;20;"4";"7";"7"
66;585;199;20;20;"4";"8";"8"
66;603;192;20;20;"4";"9";"9"
66;177;533;20;20;"5";"1";"1"
66;265;384;20;20;"5";"10";"10"
66;277;369;20;20;"5";"11";"11"
66;289;354;20;20;"5";"12";"12"
66;302;340;20;20;"5";"13";"13"
66;316;326;20;20;"5";"14";"14"
66;329;313;20;20;"5";"15";"15"
66;344;300;20;20;"5";"16";"16"
66;359;288;20;20;"5";"17";"17"
66;374;276;20;20;"5";"18";"18"
66;389;264;20;20;"5";"19";"19"
66;185;515;20;20;"5";"2";"2"
66;405;254;20;20;"5";"20";"20"
66;422;244;20;20;"5";"21";"21"
66;438;234;20;20;"5";"22";"22"
66;481;216;20;20;"5";"23";"23"
66;498;207;20;20;"5";"24";"24"
66;516;199;20;20;"5";"25";"25"
66;533;191;20;20;"5";"26";"26"
66;551;184;20;20;"5";"27";"27"
66;569;177;20;20;"5";"28";"28"
66;587;170;20;20;"5";"29";"29"
66;193;498;20;20;"5";"3";"3"
66;605;165;20;20;"5";"30";"30"
66;624;159;20;20;"5";"31";"31"
66;642;154;20;20;"5";"32";"32"
66;661;150;20;20;"5";"33";"33"
66;680;146;20;20;"5";"34";"34"
66;699;141;20;20;"5";"35";"35"
66;718;138;20;20;"5";"36";"36"
66;737;135;20;20;"5";"37";"37"
66;756;133;20;20;"5";"38";"38"
66;775;130;20;20;"5";"39";"39"
66;202;481;20;20;"5";"4";"4"
66;794;128;20;20;"5";"40";"40"
66;813;127;20;20;"5";"41";"41"
66;832;126;20;20;"5";"42";"42"
66;852;125;20;20;"5";"43";"43"
66;871;124;20;20;"5";"44";"44"
66;936;124;20;20;"5";"45";"45"
66;955;125;20;20;"5";"46";"46"
66;975;126;20;20;"5";"47";"47"
66;994;127;20;20;"5";"48";"48"
66;1013;128;20;20;"5";"49";"49"
66;211;464;20;20;"5";"5";"5"
66;1032;130;20;20;"5";"50";"50"
66;1051;133;20;20;"5";"51";"51"
66;1070;135;20;20;"5";"52";"52"
66;1089;138;20;20;"5";"53";"53"
66;1108;141;20;20;"5";"54";"54"
66;1127;146;20;20;"5";"55";"55"
66;1146;150;20;20;"5";"56";"56"
66;1165;154;20;20;"5";"57";"57"
66;1183;159;20;20;"5";"58";"58"
66;1202;165;20;20;"5";"59";"59"
66;221;447;20;20;"5";"6";"6"
66;1220;170;20;20;"5";"60";"60"
66;1238;177;20;20;"5";"61";"61"
66;1256;184;20;20;"5";"62";"62"
66;1274;191;20;20;"5";"63";"63"
66;1292;199;20;20;"5";"64";"64"
66;1309;207;20;20;"5";"65";"65"
66;1326;216;20;20;"5";"66";"66"
66;1369;234;20;20;"5";"67";"67"
66;1385;244;20;20;"5";"68";"68"
66;1402;254;20;20;"5";"69";"69"
66;231;431;20;20;"5";"7";"7"
66;1418;264;20;20;"5";"70";"70"
66;1433;276;20;20;"5";"71";"71"
66;1448;288;20;20;"5";"72";"72"
66;1463;300;20;20;"5";"73";"73"
66;1478;313;20;20;"5";"74";"74"
66;1491;326;20;20;"5";"75";"75"
66;1505;340;20;20;"5";"76";"76"
66;1518;354;20;20;"5";"77";"77"
66;1530;369;20;20;"5";"78";"78"
66;1542;384;20;20;"5";"79";"79"
66;242;415;20;20;"5";"8";"8"
66;1554;399;20;20;"5";"80";"80"
66;1565;415;20;20;"5";"81";"81"
66;1576;431;20;20;"5";"82";"82"
66;1586;447;20;20;"5";"83";"83"
66;1596;464;20;20;"5";"84";"84"
66;1605;481;20;20;"5";"85";"85"
66;1614;498;20;20;"5";"86";"86"
66;1622;515;20;20;"5";"87";"87"
66;1630;533;20;20;"5";"88";"88"
66;253;399;20;20;"5";"9";"9"
66;260;334;20;20;"6";"1";"1"
66;1460;262;20;20;"6";"19";"19"
66;273;320;20;20;"6";"2";"2"
66;1476;272;20;20;"6";"20";"20"
66;1492;283;20;20;"6";"21";"21"
66;1524;307;20;20;"6";"22";"22"
66;1537;320;20;20;"6";"23";"23"
66;1550;334;20;20;"6";"24";"24"
66;287;307;20;20;"6";"3";"3"
66;318;283;20;20;"6";"4";"4"
66;334;272;20;20;"6";"5";"5"
66;350;262;20;20;"6";"6";"6"
10;494;1221;20;20;"1";"1";"1"
10;653;1154;20;20;"1";"10";"10"
10;672;1148;20;20;"1";"11";"11"
10;691;1143;20;20;"1";"12";"12"
10;709;1138;20;20;"1";"13";"13"
10;760;1128;20;20;"1";"14";"14"
10;779;1127;20;20;"1";"15";"15"
10;799;1126;20;20;"1";"16";"16"
10;818;1124;20;20;"1";"17";"17"
10;837;1123;20;20;"1";"18";"18"
10;856;1123;20;20;"1";"19";"19"
10;511;1212;20;20;"1";"2";"2"
10;876;1123;20;20;"1";"20";"20"
10;895;1123;20;20;"1";"21";"21"
10;914;1122;20;20;"1";"22";"22"
10;933;1123;20;20;"1";"23";"23"
10;953;1123;20;20;"1";"24";"24"
10;972;1123;20;20;"1";"25";"25"
10;991;1124;20;20;"1";"26";"26"
10;1010;1125;20;20;"1";"27";"27"
10;1029;1126;20;20;"1";"28";"28"
10;1102;1134;20;20;"1";"29";"29"
10;528;1203;20;20;"1";"3";"3"
10;1121;1138;20;20;"1";"30";"30"
10;1140;1142;20;20;"1";"31";"31"
10;1159;1146;20;20;"1";"32";"32"
10;1178;1150;20;20;"1";"33";"33"
10;1196;1155;20;20;"1";"34";"34"
10;1214;1161;20;20;"1";"35";"35"
10;1233;1167;20;20;"1";"36";"36"
10;1251;1173;20;20;"1";"37";"37"
10;1269;1179;20;20;"1";"38";"38"
10;1287;1187;20;20;"1";"39";"39"
10;545;1194;20;20;"1";"4";"4"
10;1304;1195;20;20;"1";"40";"40"
10;1322;1203;20;20;"1";"41";"41"
10;563;1186;20;20;"1";"5";"5"
10;581;1179;20;20;"1";"6";"6"
10;599;1172;20;20;"1";"7";"7"
10;617;1165;20;20;"1";"8";"8"
10;635;1159;20;20;"1";"9";"9"
10;377;1036;20;20;"10";"1";"1"
10;536;966;20;20;"10";"10";"10"
10;554;961;20;20;"10";"11";"11"
10;573;956;20;20;"10";"12";"12"
10;591;951;20;20;"10";"13";"13"
10;610;946;20;20;"10";"14";"14"
10;628;941;20;20;"10";"15";"15"
10;721;908;20;20;"10";"16";"16"
10;740;907;20;20;"10";"17";"17"
10;759;906;20;20;"10";"18";"18"
10;778;904;20;20;"10";"19";"19"
10;395;1027;20;20;"10";"2";"2"
10;797;903;20;20;"10";"20";"20"
10;817;902;20;20;"10";"21";"21"
10;836;902;20;20;"10";"22";"22"
10;855;901;20;20;"10";"23";"23"
10;874;901;20;20;"10";"24";"24"
10;894;901;20;20;"10";"25";"25"
10;913;901;20;20;"10";"26";"26"
10;932;901;20;20;"10";"27";"27"
10;951;901;20;20;"10";"28";"28"
10;971;902;20;20;"10";"29";"29"
10;412;1019;20;20;"10";"3";"3"
10;990;902;20;20;"10";"30";"30"
10;1009;903;20;20;"10";"31";"31"
10;1028;904;20;20;"10";"32";"32"
10;1047;905;20;20;"10";"33";"33"
10;1067;906;20;20;"10";"34";"34"
10;1173;931;20;20;"10";"35";"35"
10;1191;935;20;20;"10";"36";"36"
10;1210;939;20;20;"10";"37";"37"
10;1229;943;20;20;"10";"38";"38"
10;1248;947;20;20;"10";"39";"39"
10;429;1010;20;20;"10";"4";"4"
10;1267;951;20;20;"10";"40";"40"
10;1285;957;20;20;"10";"41";"41"
10;1303;963;20;20;"10";"42";"42"
10;1322;969;20;20;"10";"43";"43"
10;1340;975;20;20;"10";"44";"44"
10;1358;981;20;20;"10";"45";"45"
10;1376;989;20;20;"10";"46";"46"
10;1393;996;20;20;"10";"47";"47"
10;1411;1004;20;20;"10";"48";"48"
10;1429;1012;20;20;"10";"49";"49"
10;446;1001;20;20;"10";"5";"5"
10;464;994;20;20;"10";"6";"6"
10;482;987;20;20;"10";"7";"7"
10;500;980;20;20;"10";"8";"8"
10;518;973;20;20;"10";"9";"9"
10;369;1014;20;20;"11";"1";"1"
10;527;944;20;20;"11";"10";"10"
10;545;939;20;20;"11";"11";"11"
10;564;934;20;20;"11";"12";"12"
10;582;929;20;20;"11";"13";"13"
10;601;924;20;20;"11";"14";"14"
10;620;919;20;20;"11";"15";"15"
10;712;881;20;20;"11";"16";"16"
10;731;880;20;20;"11";"17";"17"
10;750;881;20;20;"11";"18";"18"
10;769;880;20;20;"11";"19";"19"
10;386;1005;20;20;"11";"2";"2"
10;789;879;20;20;"11";"20";"20"
10;808;877;20;20;"11";"21";"21"
10;827;877;20;20;"11";"22";"22"
10;846;877;20;20;"11";"23";"23"
10;866;876;20;20;"11";"24";"24"
10;885;876;20;20;"11";"25";"25"
10;904;876;20;20;"11";"26";"26"
10;923;876;20;20;"11";"27";"27"
10;943;876;20;20;"11";"28";"28"
10;962;877;20;20;"11";"29";"29"
10;403;996;20;20;"11";"3";"3"
10;981;877;20;20;"11";"30";"30"
10;1000;877;20;20;"11";"31";"31"
10;1019;878;20;20;"11";"32";"32"
10;1039;879;20;20;"11";"33";"33"
10;1058;881;20;20;"11";"34";"34"
10;1077;882;20;20;"11";"35";"35"
10;1180;908;20;20;"11";"36";"36"
10;1199;912;20;20;"11";"37";"37"
10;1218;916;20;20;"11";"38";"38"
10;1237;920;20;20;"11";"39";"39"
10;420;987;20;20;"11";"4";"4"
10;1255;924;20;20;"11";"40";"40"
10;1274;928;20;20;"11";"41";"41"
10;1293;934;20;20;"11";"42";"42"
10;1311;940;20;20;"11";"43";"43"
10;1329;946;20;20;"11";"44";"44"
10;1347;952;20;20;"11";"45";"45"
10;1366;958;20;20;"11";"46";"46"
10;1383;966;20;20;"11";"47";"47"
10;1401;974;20;20;"11";"48";"48"
10;1419;981;20;20;"11";"49";"49"
10;437;979;20;20;"11";"5";"5"
10;1436;989;20;20;"11";"50";"50"
10;455;972;20;20;"11";"6";"6"
10;473;965;20;20;"11";"7";"7"
10;491;958;20;20;"11";"8";"8"
10;509;951;20;20;"11";"9";"9"
10;712;857;20;20;"12";"1";"1"
10;885;852;20;20;"12";"10";"10"
10;904;851;20;20;"12";"11";"11"
10;923;852;20;20;"12";"12";"12"
10;943;852;20;20;"12";"13";"13"
10;962;852;20;20;"12";"14";"14"
10;981;852;20;20;"12";"15";"15"
10;1000;853;20;20;"12";"16";"16"
10;1019;854;20;20;"12";"17";"17"
10;1039;855;20;20;"12";"18";"18"
10;1058;856;20;20;"12";"19";"19"
10;731;856;20;20;"12";"2";"2"
10;750;857;20;20;"12";"3";"3"
10;769;855;20;20;"12";"4";"4"
10;789;854;20;20;"12";"5";"5"
10;808;853;20;20;"12";"6";"6"
10;827;853;20;20;"12";"7";"7"
10;846;852;20;20;"12";"8";"8"
10;866;852;20;20;"12";"9";"9"
10;712;833;20;20;"13";"1";"1"
10;885;827;20;20;"13";"10";"10"
10;904;827;20;20;"13";"11";"11"
10;923;827;20;20;"13";"12";"12"
10;943;827;20;20;"13";"13";"13"
10;962;828;20;20;"13";"14";"14"
10;981;828;20;20;"13";"15";"15"
10;1000;828;20;20;"13";"16";"16"
10;1019;829;20;20;"13";"17";"17"
10;1039;830;20;20;"13";"18";"18"
10;1058;832;20;20;"13";"19";"19"
10;731;831;20;20;"13";"2";"2"
10;1077;833;20;20;"13";"20";"20"
10;750;832;20;20;"13";"3";"3"
10;769;831;20;20;"13";"4";"4"
10;789;830;20;20;"13";"5";"5"
10;808;828;20;20;"13";"6";"6"
10;827;828;20;20;"13";"7";"7"
10;846;828;20;20;"13";"8";"8"
10;866;828;20;20;"13";"9";"9"
10;722;808;20;20;"14";"1";"1"
10;895;803;20;20;"14";"10";"10"
10;914;803;20;20;"14";"11";"11"
10;933;803;20;20;"14";"12";"12"
10;952;803;20;20;"14";"13";"13"
10;972;804;20;20;"14";"14";"14"
10;991;804;20;20;"14";"15";"15"
10;1010;805;20;20;"14";"16";"16"
10;1029;806;20;20;"14";"17";"17"
10;1049;807;20;20;"14";"18";"18"
10;1068;808;20;20;"14";"19";"19"
10;741;809;20;20;"14";"2";"2"
10;760;808;20;20;"14";"3";"3"
10;779;806;20;20;"14";"4";"4"
10;799;805;20;20;"14";"5";"5"
10;818;804;20;20;"14";"6";"6"
10;837;804;20;20;"14";"7";"7"
10;856;804;20;20;"14";"8";"8"
10;875;803;20;20;"14";"9";"9"
10;742;786;20;20;"15";"1";"1"
10;915;779;20;20;"15";"10";"10"
10;934;780;20;20;"15";"11";"11"
10;953;780;20;20;"15";"12";"12"
10;972;780;20;20;"15";"13";"13"
10;992;780;20;20;"15";"14";"14"
10;1011;782;20;20;"15";"15";"15"
10;1030;783;20;20;"15";"16";"16"
10;1049;784;20;20;"15";"17";"17"
10;761;784;20;20;"15";"2";"2"
10;780;783;20;20;"15";"3";"3"
10;799;782;20;20;"15";"4";"4"
10;818;781;20;20;"15";"5";"5"
10;838;780;20;20;"15";"6";"6"
10;857;780;20;20;"15";"7";"7"
10;876;780;20;20;"15";"8";"8"
10;895;779;20;20;"15";"9";"9"
10;484;1197;20;20;"2";"1";"1"
10;643;1130;20;20;"2";"10";"10"
10;662;1125;20;20;"2";"11";"11"
10;680;1120;20;20;"2";"12";"12"
10;699;1115;20;20;"2";"13";"13"
10;760;1104;20;20;"2";"14";"14"
10;780;1102;20;20;"2";"15";"15"
10;799;1101;20;20;"2";"16";"16"
10;818;1100;20;20;"2";"17";"17"
10;837;1099;20;20;"2";"18";"18"
10;856;1099;20;20;"2";"19";"19"
10;501;1188;20;20;"2";"2";"2"
10;876;1098;20;20;"2";"20";"20"
10;895;1098;20;20;"2";"21";"21"
10;914;1098;20;20;"2";"22";"22"
10;933;1098;20;20;"2";"23";"23"
10;953;1098;20;20;"2";"24";"24"
10;972;1099;20;20;"2";"25";"25"
10;991;1099;20;20;"2";"26";"26"
10;1010;1101;20;20;"2";"27";"27"
10;1029;1102;20;20;"2";"28";"28"
10;1111;1111;20;20;"2";"29";"29"
10;518;1180;20;20;"2";"3";"3"
10;1130;1114;20;20;"2";"30";"30"
10;1149;1118;20;20;"2";"31";"31"
10;1168;1122;20;20;"2";"32";"32"
10;1187;1126;20;20;"2";"33";"33"
10;1205;1132;20;20;"2";"34";"34"
10;1223;1138;20;20;"2";"35";"35"
10;1242;1143;20;20;"2";"36";"36"
10;1260;1149;20;20;"2";"37";"37"
10;1278;1156;20;20;"2";"38";"38"
10;1296;1163;20;20;"2";"39";"39"
10;535;1171;20;20;"2";"4";"4"
10;1313;1171;20;20;"2";"40";"40"
10;1331;1179;20;20;"2";"41";"41"
10;553;1163;20;20;"2";"5";"5"
10;571;1156;20;20;"2";"6";"6"
10;589;1149;20;20;"2";"7";"7"
10;607;1142;20;20;"2";"8";"8"
10;625;1135;20;20;"2";"9";"9"
10;458;1183;20;20;"3";"1";"1"
10;616;1114;20;20;"3";"10";"10"
10;635;1109;20;20;"3";"11";"11"
10;654;1104;20;20;"3";"12";"12"
10;672;1099;20;20;"3";"13";"13"
10;691;1094;20;20;"3";"14";"14"
10;752;1079;20;20;"3";"15";"15"
10;771;1078;20;20;"3";"16";"16"
10;790;1077;20;20;"3";"17";"17"
10;809;1076;20;20;"3";"18";"18"
10;828;1074;20;20;"3";"19";"19"
10;475;1174;20;20;"3";"2";"2"
10;848;1074;20;20;"3";"20";"20"
10;867;1074;20;20;"3";"21";"21"
10;886;1073;20;20;"3";"22";"22"
10;905;1073;20;20;"3";"23";"23"
10;925;1073;20;20;"3";"24";"24"
20;479;740;20;20;"7";"6";"6"
20;491;733;20;20;"7";"7";"7"
20;502;724;20;20;"7";"8";"8"
20;513;714;20;20;"7";"9";"9"
20;418;735;20;20;"8";"1";"1"
20;631;630;20;20;"8";"10";"10"
20;647;620;20;20;"8";"11";"11"
20;664;614;20;20;"8";"12";"12"
20;680;607;20;20;"8";"13";"13"
20;696;601;20;20;"8";"14";"14"
20;713;596;20;20;"8";"15";"15"
20;730;591;20;20;"8";"16";"16"
20;747;588;20;20;"8";"17";"17"
20;764;583;20;20;"8";"18";"18"
20;781;579;20;20;"8";"19";"19"
20;435;733;20;20;"8";"2";"2"
20;798;576;20;20;"8";"20";"20"
20;815;573;20;20;"8";"21";"21"
20;833;570;20;20;"8";"22";"22"
20;850;570;20;20;"8";"23";"23"
20;868;570;20;20;"8";"24";"24"
20;932;572;20;20;"8";"25";"25"
20;949;572;20;20;"8";"26";"26"
20;967;573;20;20;"8";"27";"27"
20;984;575;20;20;"8";"28";"28"
20;1002;578;20;20;"8";"29";"29"
20;452;729;20;20;"8";"3";"3"
20;1019;581;20;20;"8";"30";"30"
20;1036;585;20;20;"8";"31";"31"
20;1053;589;20;20;"8";"32";"32"
20;1070;594;20;20;"8";"33";"33"
20;1087;599;20;20;"8";"34";"34"
20;1103;605;20;20;"8";"35";"35"
20;1120;611;20;20;"8";"36";"36"
20;1136;617;20;20;"8";"37";"37"
20;1152;624;20;20;"8";"38";"38"
20;1168;631;20;20;"8";"39";"39"
20;469;723;20;20;"8";"4";"4"
20;1184;639;20;20;"8";"40";"40"
20;1199;648;20;20;"8";"41";"41"
20;1214;657;20;20;"8";"42";"42"
20;1305;707;20;20;"8";"43";"43"
20;1319;718;20;20;"8";"44";"44"
20;1334;727;20;20;"8";"45";"45"
20;1351;732;20;20;"8";"46";"46"
20;1368;736;20;20;"8";"47";"47"
20;1385;738;20;20;"8";"48";"48"
20;484;715;20;20;"8";"5";"5"
20;498;704;20;20;"8";"6";"6"
20;585;655;20;20;"8";"7";"7"
20;600;646;20;20;"8";"8";"8"
20;616;637;20;20;"8";"9";"9"
20;426;716;20;20;"9";"1";"1"
20;647;600;20;20;"9";"10";"10"
20;663;593;20;20;"9";"11";"11"
20;680;587;20;20;"9";"12";"12"
20;696;581;20;20;"9";"13";"13"
20;713;575;20;20;"9";"14";"14"
20;730;570;20;20;"9";"15";"15"
20;747;567;20;20;"9";"16";"16"
20;764;563;20;20;"9";"17";"17"
20;781;559;20;20;"9";"18";"18"
20;798;555;20;20;"9";"19";"19"
20;444;713;20;20;"9";"2";"2"
20;815;552;20;20;"9";"20";"20"
20;833;549;20;20;"9";"21";"21"
20;850;548;20;20;"9";"22";"22"
20;868;548;20;20;"9";"23";"23"
20;932;550;20;20;"9";"24";"24"
20;950;550;20;20;"9";"25";"25"
20;968;551;20;20;"9";"26";"26"
20;985;553;20;20;"9";"27";"27"
20;1002;556;20;20;"9";"28";"28"
20;1019;559;20;20;"9";"29";"29"
20;460;708;20;20;"9";"3";"3"
20;1037;563;20;20;"9";"30";"30"
20;1054;567;20;20;"9";"31";"31"
20;1070;572;20;20;"9";"32";"32"
20;1087;578;20;20;"9";"33";"33"
20;1104;583;20;20;"9";"34";"34"
20;1120;589;20;20;"9";"35";"35"
20;1137;595;20;20;"9";"36";"36"
20;1153;602;20;20;"9";"37";"37"
20;1169;609;20;20;"9";"38";"38"
20;1185;617;20;20;"9";"39";"39"
20;476;700;20;20;"9";"4";"4"
20;1200;626;20;20;"9";"40";"40"
20;1215;635;20;20;"9";"41";"41"
20;1229;645;20;20;"9";"42";"42"
20;1327;703;20;20;"9";"43";"43"
20;1343;711;20;20;"9";"44";"44"
20;1359;716;20;20;"9";"45";"45"
20;1377;720;20;20;"9";"46";"46"
20;570;643;20;20;"9";"5";"5"
20;585;633;20;20;"9";"6";"6"
20;600;624;20;20;"9";"7";"7"
20;615;616;20;20;"9";"8";"8"
20;631;608;20;20;"9";"9";"9"
67;227;815;20;20;"1";"10";"10"
67;236;798;20;20;"1";"11";"11"
67;261;748;20;20;"1";"12";"12"
67;268;730;20;20;"1";"13";"13"
67;277;713;20;20;"1";"14";"14"
67;287;696;20;20;"1";"15";"15"
67;298;681;20;20;"1";"16";"16"
67;310;666;20;20;"1";"17";"17"
67;323;652;20;20;"1";"18";"18"
67;337;638;20;20;"1";"19";"19"
67;388;643;20;20;"1";"20";"20"
67;407;640;20;20;"1";"21";"21"
67;425;635;20;20;"1";"22";"22"
67;443;627;20;20;"1";"23";"23"
67;461;620;20;20;"1";"24";"24"
67;478;611;20;20;"1";"25";"25"
67;495;602;20;20;"1";"26";"26"
67;511;591;20;20;"1";"27";"27"
67;526;580;20;20;"1";"28";"28"
67;540;567;20;20;"1";"29";"29"
67;653;496;20;20;"1";"30";"30"
67;671;489;20;20;"1";"31";"31"
67;689;482;20;20;"1";"32";"32"
67;707;474;20;20;"1";"33";"33"
67;724;467;20;20;"1";"34";"34"
67;743;464;20;20;"1";"35";"35"
67;762;460;20;20;"1";"36";"36"
67;780;455;20;20;"1";"37";"37"
67;799;450;20;20;"1";"38";"38"
67;818;448;20;20;"1";"39";"39"
67;837;446;20;20;"1";"40";"40"
67;856;444;20;20;"1";"41";"41"
67;876;442;20;20;"1";"42";"42"
67;929;443;20;20;"1";"43";"43"
67;948;445;20;20;"1";"44";"44"
67;967;447;20;20;"1";"45";"45"
67;986;449;20;20;"1";"46";"46"
67;1005;451;20;20;"1";"47";"47"
67;1024;456;20;20;"1";"48";"48"
67;1043;461;20;20;"1";"49";"49"
67;158;880;20;20;"1";"5";"5"
67;1061;465;20;20;"1";"50";"50"
67;1080;470;20;20;"1";"51";"51"
67;1098;477;20;20;"1";"52";"52"
67;1116;485;20;20;"1";"53";"53"
67;1133;492;20;20;"1";"54";"54"
67;1151;499;20;20;"1";"55";"55"
67;1261;548;20;20;"1";"56";"56"
67;1274;562;20;20;"1";"57";"57"
67;1288;575;20;20;"1";"58";"58"
67;1303;588;20;20;"1";"59";"59"
67;175;871;20;20;"1";"6";"6"
67;1319;598;20;20;"1";"60";"60"
67;1335;609;20;20;"1";"61";"61"
67;1352;618;20;20;"1";"62";"62"
67;1369;627;20;20;"1";"63";"63"
67;1386;635;20;20;"1";"64";"64"
67;1405;640;20;20;"1";"65";"65"
67;1462;638;20;20;"1";"66";"66"
67;1476;652;20;20;"1";"67";"67"
67;1489;666;20;20;"1";"68";"68"
67;1501;681;20;20;"1";"69";"69"
67;190;859;20;20;"1";"7";"7"
67;1512;696;20;20;"1";"70";"70"
67;1523;713;20;20;"1";"71";"71"
67;1532;730;20;20;"1";"72";"72"
67;1539;748;20;20;"1";"73";"73"
67;1563;798;20;20;"1";"74";"74"
67;1572;815;20;20;"1";"75";"75"
67;1583;831;20;20;"1";"76";"76"
67;1595;845;20;20;"1";"77";"77"
67;1609;859;20;20;"1";"78";"78"
67;1624;871;20;20;"1";"79";"79"
67;204;845;20;20;"1";"8";"8"
67;1641;880;20;20;"1";"80";"80"
67;217;831;20;20;"1";"9";"9"
67;411;611;20;20;"2";"1";"1"
67;635;479;20;20;"2";"10";"10"
67;653;471;20;20;"2";"11";"11"
67;670;464;20;20;"2";"12";"12"
67;688;456;20;20;"2";"13";"13"
67;706;449;20;20;"2";"14";"14"
67;724;444;20;20;"2";"15";"15"
67;743;441;20;20;"2";"16";"16"
67;761;436;20;20;"2";"17";"17"
67;780;431;20;20;"2";"18";"18"
67;799;427;20;20;"2";"19";"19"
67;429;605;20;20;"2";"2";"2"
67;818;424;20;20;"2";"20";"20"
67;837;422;20;20;"2";"21";"21"
67;856;420;20;20;"2";"22";"22"
67;875;418;20;20;"2";"23";"23"
67;928;419;20;20;"2";"24";"24"
67;947;422;20;20;"2";"25";"25"
67;967;424;20;20;"2";"26";"26"
67;986;426;20;20;"2";"27";"27"
67;1005;428;20;20;"2";"28";"28"
67;1024;432;20;20;"2";"29";"29"
67;447;599;20;20;"2";"3";"3"
67;1042;436;20;20;"2";"30";"30"
67;1061;441;20;20;"2";"31";"31"
67;1080;446;20;20;"2";"32";"32"
67;1098;451;20;20;"2";"33";"33"
67;1116;458;20;20;"2";"34";"34"
67;1134;465;20;20;"2";"35";"35"
67;1152;472;20;20;"2";"36";"36"
67;1169;480;20;20;"2";"37";"37"
67;1278;528;20;20;"2";"38";"38"
67;1290;542;20;20;"2";"39";"39"
67;465;591;20;20;"2";"4";"4"
67;1304;556;20;20;"2";"40";"40"
67;1318;569;20;20;"2";"41";"41"
67;1334;580;20;20;"2";"42";"42"
67;1350;590;20;20;"2";"43";"43"
67;1368;598;20;20;"2";"44";"44"
67;482;582;20;20;"2";"5";"5"
67;497;571;20;20;"2";"6";"6"
67;512;559;20;20;"2";"7";"7"
67;526;545;20;20;"2";"8";"8"
67;617;488;20;20;"2";"9";"9"
67;150;853;20;20;"3";"1";"1"
67;273;677;20;20;"3";"10";"10"
67;284;661;20;20;"3";"11";"11"
67;296;646;20;20;"3";"12";"12"
67;307;631;20;20;"3";"13";"13"
67;319;616;20;20;"3";"14";"14"
67;332;601;20;20;"3";"15";"15"
67;345;587;20;20;"3";"16";"16"
67;358;573;20;20;"3";"17";"17"
67;372;559;20;20;"3";"18";"18"
67;419;583;20;20;"3";"19";"19"
67;167;843;20;20;"3";"2";"2"
67;437;577;20;20;"3";"20";"20"
67;454;569;20;20;"3";"21";"21"
67;471;560;20;20;"3";"22";"22"
67;487;549;20;20;"3";"23";"23"
67;502;537;20;20;"3";"24";"24"
67;515;523;20;20;"3";"25";"25"
67;598;469;20;20;"3";"26";"26"
67;615;461;20;20;"3";"27";"27"
67;633;453;20;20;"3";"28";"28"
67;650;443;20;20;"3";"29";"29"
67;182;831;20;20;"3";"3";"3"
67;668;436;20;20;"3";"30";"30"
67;686;430;20;20;"3";"31";"31"
67;705;424;20;20;"3";"32";"32"
67;723;419;20;20;"3";"33";"33"
67;742;415;20;20;"3";"34";"34"
67;760;411;20;20;"3";"35";"35"
67;779;408;20;20;"3";"36";"36"
67;798;404;20;20;"3";"37";"37"
67;817;401;20;20;"3";"38";"38"
67;836;399;20;20;"3";"39";"39"
67;195;817;20;20;"3";"4";"4"
67;855;397;20;20;"3";"40";"40"
67;875;395;20;20;"3";"41";"41"
67;928;397;20;20;"3";"42";"42"
67;947;399;20;20;"3";"43";"43"
67;966;400;20;20;"3";"44";"44"
67;985;402;20;20;"3";"45";"45"
67;1004;405;20;20;"3";"46";"46"
67;1023;409;20;20;"3";"47";"47"
67;1042;412;20;20;"3";"48";"48"
67;1061;416;20;20;"3";"49";"49"
67;206;801;20;20;"3";"5";"5"
67;1080;421;20;20;"3";"50";"50"
67;1098;426;20;20;"3";"51";"51"
67;1116;432;20;20;"3";"52";"52"
67;1135;438;20;20;"3";"53";"53"
67;1153;445;20;20;"3";"54";"54"
67;1170;453;20;20;"3";"55";"55"
67;1188;460;20;20;"3";"56";"56"
67;1206;468;20;20;"3";"57";"57"
67;1291;507;20;20;"3";"58";"58"
67;1303;522;20;20;"3";"59";"59"
67;214;784;20;20;"3";"6";"6"
67;1316;536;20;20;"3";"60";"60"
67;1331;549;20;20;"3";"61";"61"
67;1346;560;20;20;"3";"62";"62"
67;1363;569;20;20;"3";"63";"63"
67;1381;577;20;20;"3";"64";"64"
67;1428;559;20;20;"3";"65";"65"
67;1442;573;20;20;"3";"66";"66"
67;1455;587;20;20;"3";"67";"67"
67;1468;601;20;20;"3";"68";"68"
67;1480;616;20;20;"3";"69";"69"
67;242;726;20;20;"3";"7";"7"
67;1492;631;20;20;"3";"70";"70"
67;1504;646;20;20;"3";"71";"71"
67;1515;661;20;20;"3";"72";"72"
67;1526;677;20;20;"3";"73";"73"
67;1537;693;20;20;"3";"74";"74"
67;1547;709;20;20;"3";"75";"75"
67;1585;784;20;20;"3";"76";"76"
67;1594;801;20;20;"3";"77";"77"
67;1605;817;20;20;"3";"78";"78"
67;1618;831;20;20;"3";"79";"79"
67;252;709;20;20;"3";"8";"8"
67;1632;843;20;20;"3";"80";"80"
67;1649;853;20;20;"3";"81";"81"
67;263;693;20;20;"3";"9";"9"
67;441;549;20;20;"4";"1";"1"
67;649;419;20;20;"4";"10";"10"
67;667;413;20;20;"4";"11";"11"
67;685;407;20;20;"4";"12";"12"
67;704;401;20;20;"4";"13";"13"
67;722;396;20;20;"4";"14";"14"
67;741;394;20;20;"4";"15";"15"
67;760;390;20;20;"4";"16";"16"
67;778;386;20;20;"4";"17";"17"
67;797;382;20;20;"4";"18";"18"
67;816;380;20;20;"4";"19";"19"
67;458;541;20;20;"4";"2";"2"
67;836;378;20;20;"4";"20";"20"
67;855;376;20;20;"4";"21";"21"
67;874;375;20;20;"4";"22";"22"
67;929;377;20;20;"4";"23";"23"
67;948;378;20;20;"4";"24";"24"
67;967;380;20;20;"4";"25";"25"
67;986;381;20;20;"4";"26";"26"
67;1005;384;20;20;"4";"27";"27"
67;1024;387;20;20;"4";"28";"28"
67;1043;391;20;20;"4";"29";"29"
67;474;531;20;20;"4";"3";"3"
67;1062;394;20;20;"4";"30";"30"
67;1081;398;20;20;"4";"31";"31"
67;1099;404;20;20;"4";"32";"32"
67;1118;409;20;20;"4";"33";"33"
67;1136;415;20;20;"4";"34";"34"
67;1154;420;20;20;"4";"35";"35"
67;1172;428;20;20;"4";"36";"36"
67;1190;435;20;20;"4";"37";"37"
67;1208;443;20;20;"4";"38";"38"
67;1225;450;20;20;"4";"39";"39"
67;490;519;20;20;"4";"4";"4"
67;1306;490;20;20;"4";"40";"40"
67;1317;506;20;20;"4";"41";"41"
67;1331;519;20;20;"4";"42";"42"
67;1346;531;20;20;"4";"43";"43"
67;1362;541;20;20;"4";"44";"44"
67;502;505;20;20;"4";"5";"5"
67;578;451;20;20;"4";"6";"6"
67;596;444;20;20;"4";"7";"7"
67;613;436;20;20;"4";"8";"8"
67;631;428;20;20;"4";"9";"9"
67;156;813;20;20;"5";"1";"1"
67;267;645;20;20;"5";"10";"10"
67;278;630;20;20;"5";"11";"11"
67;290;614;20;20;"5";"12";"12"
67;302;599;20;20;"5";"13";"13"
67;314;584;20;20;"5";"14";"14"
67;326;570;20;20;"5";"15";"15"
67;339;555;20;20;"5";"16";"16"
67;353;542;20;20;"5";"17";"17"
67;366;528;20;20;"5";"18";"18"
67;381;515;20;20;"5";"19";"19"
67;171;802;20;20;"5";"2";"2"
67;396;503;20;20;"5";"20";"20"
67;445;518;20;20;"5";"21";"21"
67;461;508;20;20;"5";"22";"22"
67;476;496;20;20;"5";"23";"23"
67;489;482;20;20;"5";"24";"24"
67;558;433;20;20;"5";"25";"25"
67;576;425;20;20;"5";"26";"26"
67;594;418;20;20;"5";"27";"27"
67;611;410;20;20;"5";"28";"28"
67;629;402;20;20;"5";"29";"29"
67;183;787;20;20;"5";"3";"3"
67;647;394;20;20;"5";"30";"30"
67;666;389;20;20;"5";"31";"31"
67;684;383;20;20;"5";"32";"32"
67;702;377;20;20;"5";"33";"33"
67;721;372;20;20;"5";"34";"34"
67;740;371;20;20;"5";"35";"35"
67;759;367;20;20;"5";"36";"36"
67;778;363;20;20;"5";"37";"37"
67;797;360;20;20;"5";"38";"38"
67;816;358;20;20;"5";"39";"39"
67;191;769;20;20;"5";"4";"4"
67;835;356;20;20;"5";"40";"40"
67;854;355;20;20;"5";"41";"41"
67;873;353;20;20;"5";"42";"42"
67;928;355;20;20;"5";"43";"43"
67;947;356;20;20;"5";"44";"44"
67;967;358;20;20;"5";"45";"45"
67;986;359;20;20;"5";"46";"46"
67;1005;361;20;20;"5";"47";"47"
67;1024;364;20;20;"5";"48";"48"
67;1043;368;20;20;"5";"49";"49"
67;213;725;20;20;"5";"5";"5"
67;1062;371;20;20;"5";"50";"50"
67;1081;375;20;20;"5";"51";"51"
67;1099;380;20;20;"5";"52";"52"
67;1118;385;20;20;"5";"53";"53"
67;1136;391;20;20;"5";"54";"54"
67;1155;396;20;20;"5";"55";"55"
67;1173;402;20;20;"5";"56";"56"
67;1191;410;20;20;"5";"57";"57"
67;1208;417;20;20;"5";"58";"58"
67;1226;424;20;20;"5";"59";"59"
67;223;708;20;20;"5";"6";"6"
67;1244;432;20;20;"5";"60";"60"
67;1322;469;20;20;"5";"61";"61"
67;1333;485;20;20;"5";"62";"62"
67;1346;498;20;20;"5";"63";"63"
67;1362;510;20;20;"5";"64";"64"
67;1404;503;20;20;"5";"65";"65"
67;1419;515;20;20;"5";"66";"66"
67;1433;528;20;20;"5";"67";"67"
67;1447;542;20;20;"5";"68";"68"
67;1460;555;20;20;"5";"69";"69"
67;234;692;20;20;"5";"7";"7"
67;1473;570;20;20;"5";"70";"70"
67;1486;584;20;20;"5";"71";"71"
67;1498;599;20;20;"5";"72";"72"
67;1510;614;20;20;"5";"73";"73"
67;1521;630;20;20;"5";"74";"74"
67;1533;645;20;20;"5";"75";"75"
67;1544;661;20;20;"5";"76";"76"
67;1555;677;20;20;"5";"77";"77"
67;1566;692;20;20;"5";"78";"78"
67;1577;708;20;20;"5";"79";"79"
67;244;677;20;20;"5";"8";"8"
67;1587;725;20;20;"5";"80";"80"
67;1609;769;20;20;"5";"81";"81"
67;1617;787;20;20;"5";"82";"82"
67;1629;802;20;20;"5";"83";"83"
67;1645;813;20;20;"5";"84";"84"
67;255;661;20;20;"5";"9";"9"
67;449;484;20;20;"6";"1";"1"
67;628;378;20;20;"6";"10";"10"
67;646;370;20;20;"6";"11";"11"
67;664;365;20;20;"6";"12";"12"
67;683;359;20;20;"6";"13";"13"
67;701;353;20;20;"6";"14";"14"
67;720;349;20;20;"6";"15";"15"
67;739;348;20;20;"6";"16";"16"
67;758;344;20;20;"6";"17";"17"
67;777;341;20;20;"6";"18";"18"
67;796;337;20;20;"6";"19";"19"
67;465;474;20;20;"6";"2";"2"
67;815;336;20;20;"6";"20";"20"
67;834;334;20;20;"6";"21";"21"
67;853;333;20;20;"6";"22";"22"
67;872;331;20;20;"6";"23";"23"
67;929;332;20;20;"6";"24";"24"
67;948;333;20;20;"6";"25";"25"
67;967;335;20;20;"6";"26";"26"
67;987;336;20;20;"6";"27";"27"
67;1006;337;20;20;"6";"28";"28"
67;1025;341;20;20;"6";"29";"29"
67;478;460;20;20;"6";"3";"3"
67;1044;344;20;20;"6";"30";"30"
67;1063;348;20;20;"6";"31";"31"
67;1082;351;20;20;"6";"32";"32"
67;1100;355;20;20;"6";"33";"33"
67;1119;360;20;20;"6";"34";"34"
67;1137;366;20;20;"6";"35";"35"
67;1156;371;20;20;"6";"36";"36"
67;1174;376;20;20;"6";"37";"37"
67;1192;383;20;20;"6";"38";"38"
67;1210;390;20;20;"6";"39";"39"
67;523;424;20;20;"6";"4";"4"
67;1228;397;20;20;"6";"40";"40"
67;1246;405;20;20;"6";"41";"41"
67;1264;412;20;20;"6";"42";"42"
67;1284;422;20;20;"6";"43";"43"
67;1335;448;20;20;"6";"44";"44"
67;1347;463;20;20;"6";"45";"45"
67;1362;475;20;20;"6";"46";"46"
67;539;414;20;20;"6";"5";"5"
67;556;407;20;20;"6";"6";"6"
67;574;399;20;20;"6";"7";"7"
67;592;392;20;20;"6";"8";"8"
67;610;384;20;20;"6";"9";"9"
67;158;770;20;20;"7";"1";"1"
67;257;613;20;20;"7";"10";"10"
67;269;598;20;20;"7";"11";"11"
67;282;583;20;20;"7";"12";"12"
67;294;569;20;20;"7";"13";"13"
67;306;554;20;20;"7";"14";"14"
67;320;540;20;20;"7";"15";"15"
67;334;527;20;20;"7";"16";"16"
67;348;514;20;20;"7";"17";"17"
67;361;500;20;20;"7";"18";"18"
67;375;487;20;20;"7";"19";"19"
67;167;754;20;20;"7";"2";"2"
67;390;474;20;20;"7";"20";"20"
67;405;462;20;20;"7";"21";"21"
67;420;451;20;20;"7";"22";"22"
67;435;439;20;20;"7";"23";"23"
67;450;427;20;20;"7";"24";"24"
67;503;406;20;20;"7";"25";"25"
67;520;398;20;20;"7";"26";"26"
67;538;390;20;20;"7";"27";"27"
67;556;382;20;20;"7";"28";"28"
67;573;375;20;20;"7";"29";"29"
67;179;723;20;20;"7";"3";"3"
67;591;367;20;20;"7";"30";"30"
67;609;361;20;20;"7";"31";"31"
67;628;355;20;20;"7";"32";"32"
67;646;348;20;20;"7";"33";"33"
67;664;342;20;20;"7";"34";"34"
67;683;336;20;20;"7";"35";"35"
67;701;332;20;20;"7";"36";"36"
67;720;328;20;20;"7";"37";"37"
67;739;327;20;20;"7";"38";"38"
67;758;323;20;20;"7";"39";"39"
67;190;707;20;20;"7";"4";"4"
67;777;319;20;20;"7";"40";"40"
67;796;316;20;20;"7";"41";"41"
67;815;315;20;20;"7";"42";"42"
67;834;313;20;20;"7";"43";"43"
67;853;312;20;20;"7";"44";"44"
67;873;310;20;20;"7";"45";"45"
67;931;311;20;20;"7";"46";"46"
67;950;312;20;20;"7";"47";"47"
67;969;314;20;20;"7";"48";"48"
67;988;315;20;20;"7";"49";"49"
67;201;691;20;20;"7";"5";"5"
67;1007;317;20;20;"7";"50";"50"
67;1026;319;20;20;"7";"51";"51"
67;1045;323;20;20;"7";"52";"52"
67;1064;326;20;20;"7";"53";"53"
67;1083;330;20;20;"7";"54";"54"
67;1102;333;20;20;"7";"55";"55"
67;1121;337;20;20;"7";"56";"56"
67;1139;343;20;20;"7";"57";"57"
67;1158;348;20;20;"7";"58";"58"
67;1176;354;20;20;"7";"59";"59"
67;212;675;20;20;"7";"6";"6"
67;1195;359;20;20;"7";"60";"60"
67;1213;365;20;20;"7";"61";"61"
67;1231;372;20;20;"7";"62";"62"
67;1248;380;20;20;"7";"63";"63"
67;1266;387;20;20;"7";"64";"64"
67;1284;395;20;20;"7";"65";"65"
67;1302;402;20;20;"7";"66";"66"
67;1349;420;20;20;"7";"67";"67"
67;1365;430;20;20;"7";"68";"68"
67;1381;441;20;20;"7";"69";"69"
67;223;659;20;20;"7";"7";"7"
67;1396;453;20;20;"7";"70";"70"
67;1411;466;20;20;"7";"71";"71"
67;1425;479;20;20;"7";"72";"72"
67;1438;493;20;20;"7";"73";"73"
67;1452;506;20;20;"7";"74";"74"
67;1465;520;20;20;"7";"75";"75"
67;1478;535;20;20;"7";"76";"76"
67;1490;549;20;20;"7";"77";"77"
67;1503;564;20;20;"7";"78";"78"
67;1515;579;20;20;"7";"79";"79"
67;233;643;20;20;"7";"8";"8"
67;1527;594;20;20;"7";"80";"80"
67;1538;609;20;20;"7";"81";"81"
67;1550;625;20;20;"7";"82";"82"
67;1562;640;20;20;"7";"83";"83"
67;1573;656;20;20;"7";"84";"84"
67;1584;671;20;20;"7";"85";"85"
67;1595;687;20;20;"7";"86";"86"
67;1606;703;20;20;"7";"87";"87"
67;1616;719;20;20;"7";"88";"88"
67;1632;754;20;20;"7";"89";"89"
67;245;628;20;20;"7";"9";"9"
67;1641;770;20;20;"7";"90";"90"
67;282;542;20;20;"8";"1";"1"
67;1471;473;20;20;"8";"19";"19"
67;293;527;20;20;"8";"2";"2"
67;1483;489;20;20;"8";"20";"20"
67;1494;504;20;20;"8";"21";"21"
67;1513;533;20;20;"8";"22";"22"
67;1524;549;20;20;"8";"23";"23"
67;1535;564;20;20;"8";"24";"24"
67;304;511;20;20;"8";"3";"3"
67;323;481;20;20;"8";"4";"4"
67;334;466;20;20;"8";"5";"5"
67;345;450;20;20;"8";"6";"6"
66;93;876;20;20;"1";"1";"1"
66;93;703;20;20;"1";"10";"10"
66;1709;733;20;20;"1";"100";"100"
66;1709;752;20;20;"1";"101";"101"
66;1709;771;20;20;"1";"102";"102"
66;1709;790;20;20;"1";"103";"103"
66;1709;810;20;20;"1";"104";"104"
66;1709;829;20;20;"1";"105";"105"
66;1709;848;20;20;"1";"106";"106"
66;1709;867;20;20;"1";"107";"107"
66;121;655;20;20;"1";"11";"11"
66;140;650;20;20;"1";"12";"12"
66;157;642;20;20;"1";"13";"13"
66;173;631;20;20;"1";"14";"14"
66;187;617;20;20;"1";"15";"15"
66;199;602;20;20;"1";"16";"16"
66;209;586;20;20;"1";"17";"17"
66;220;570;20;20;"1";"18";"18"
66;230;553;20;20;"1";"19";"19"
66;93;857;20;20;"1";"2";"2"
66;240;537;20;20;"1";"20";"20"
66;249;520;20;20;"1";"21";"21"
66;259;504;20;20;"1";"22";"22"
66;269;487;20;20;"1";"23";"23"
66;279;471;20;20;"1";"24";"24"
66;289;454;20;20;"1";"25";"25"
66;300;438;20;20;"1";"26";"26"
66;312;423;20;20;"1";"27";"27"
66;324;409;20;20;"1";"28";"28"
66;337;394;20;20;"1";"29";"29"
66;93;838;20;20;"1";"3";"3"
66;350;380;20;20;"1";"30";"30"
66;382;375;20;20;"1";"31";"31"
66;401;375;20;20;"1";"32";"32"
66;420;372;20;20;"1";"33";"33"
66;439;368;20;20;"1";"34";"34"
66;458;363;20;20;"1";"35";"35"
66;475;354;20;20;"1";"36";"36"
66;491;345;20;20;"1";"37";"37"
66;506;333;20;20;"1";"38";"38"
66;585;290;20;20;"1";"39";"39"
66;93;818;20;20;"1";"4";"4"
66;603;281;20;20;"1";"40";"40"
66;620;274;20;20;"1";"41";"41"
66;638;267;20;20;"1";"42";"42"
66;657;261;20;20;"1";"43";"43"
66;675;255;20;20;"1";"44";"44"
66;694;251;20;20;"1";"45";"45"
66;712;246;20;20;"1";"46";"46"
66;731;242;20;20;"1";"47";"47"
66;750;239;20;20;"1";"48";"48"
66;769;237;20;20;"1";"49";"49"
66;93;799;20;20;"1";"5";"5"
66;788;234;20;20;"1";"50";"50"
66;807;232;20;20;"1";"51";"51"
66;827;231;20;20;"1";"52";"52"
66;846;230;20;20;"1";"53";"53"
66;865;229;20;20;"1";"54";"54"
66;942;229;20;20;"1";"55";"55"
66;961;230;20;20;"1";"56";"56"
66;980;231;20;20;"1";"57";"57"
66;1000;232;20;20;"1";"58";"58"
66;1019;234;20;20;"1";"59";"59"
66;93;780;20;20;"1";"6";"6"
66;1038;237;20;20;"1";"60";"60"
66;1057;239;20;20;"1";"61";"61"
66;1076;242;20;20;"1";"62";"62"
66;1095;246;20;20;"1";"63";"63"
66;1113;251;20;20;"1";"64";"64"
66;1132;255;20;20;"1";"65";"65"
66;1150;261;20;20;"1";"66";"66"
66;1169;267;20;20;"1";"67";"67"
66;1187;274;20;20;"1";"68";"68"
66;1204;281;20;20;"1";"69";"69"
66;93;761;20;20;"1";"7";"7"
66;1222;290;20;20;"1";"70";"70"
66;1301;333;20;20;"1";"71";"71"
66;1316;345;20;20;"1";"72";"72"
66;1332;354;20;20;"1";"73";"73"
66;1349;363;20;20;"1";"74";"74"
66;1368;368;20;20;"1";"75";"75"
66;1387;372;20;20;"1";"76";"76"
66;1406;375;20;20;"1";"77";"77"
66;1425;375;20;20;"1";"78";"78"
66;1457;380;20;20;"1";"79";"79"
66;93;741;20;20;"1";"8";"8"
66;1470;394;20;20;"1";"80";"80"
66;1483;409;20;20;"1";"81";"81"
66;1496;423;20;20;"1";"82";"82"
66;1507;438;20;20;"1";"83";"83"
66;1518;454;20;20;"1";"84";"84"
66;1528;471;20;20;"1";"85";"85"
66;1538;487;20;20;"1";"86";"86"
66;1548;504;20;20;"1";"87";"87"
66;1558;520;20;20;"1";"88";"88"
66;1568;537;20;20;"1";"89";"89"
66;93;722;20;20;"1";"9";"9"
66;1577;553;20;20;"1";"90";"90"
66;1588;570;20;20;"1";"91";"91"
66;1598;586;20;20;"1";"92";"92"
66;1608;602;20;20;"1";"93";"93"
66;1620;617;20;20;"1";"94";"94"
66;1634;631;20;20;"1";"95";"95"
66;1650;642;20;20;"1";"96";"96"
66;1667;650;20;20;"1";"97";"97"
66;1709;694;20;20;"1";"98";"98"
66;1709;713;20;20;"1";"99";"99"
66;406;349;20;20;"2";"1";"1"
66;604;251;20;20;"2";"10";"10"
66;623;245;20;20;"2";"11";"11"
66;641;238;20;20;"2";"12";"12"
66;659;233;20;20;"2";"13";"13"
66;677;227;20;20;"2";"14";"14"
66;696;222;20;20;"2";"15";"15"
66;715;219;20;20;"2";"16";"16"
66;734;214;20;20;"2";"17";"17"
66;753;212;20;20;"2";"18";"18"
66;772;209;20;20;"2";"19";"19"
66;425;347;20;20;"2";"2";"2"
66;791;207;20;20;"2";"20";"20"
66;810;205;20;20;"2";"21";"21"
66;829;204;20;20;"2";"22";"22"
66;849;204;20;20;"2";"23";"23"
66;868;203;20;20;"2";"24";"24"
66;939;203;20;20;"2";"25";"25"
66;958;204;20;20;"2";"26";"26"
66;978;204;20;20;"2";"27";"27"
66;997;205;20;20;"2";"28";"28"
66;1016;207;20;20;"2";"29";"29"
66;444;342;20;20;"2";"3";"3"
66;1035;209;20;20;"2";"30";"30"
66;1054;212;20;20;"2";"31";"31"
66;1073;214;20;20;"2";"32";"32"
66;1092;219;20;20;"2";"33";"33"
66;1111;222;20;20;"2";"34";"34"
66;1130;227;20;20;"2";"35";"35"
66;1148;233;20;20;"2";"36";"36"
66;1167;238;20;20;"2";"37";"37"
66;1185;245;20;20;"2";"38";"38"
66;1203;251;20;20;"2";"39";"39"
66;461;333;20;20;"2";"4";"4"
66;1220;259;20;20;"2";"40";"40"
66;1238;267;20;20;"2";"41";"41"
66;1314;312;20;20;"2";"42";"42"
66;1329;324;20;20;"2";"43";"43"
66;1346;333;20;20;"2";"44";"44"
66;1363;342;20;20;"2";"45";"45"
66;1382;347;20;20;"2";"46";"46"
66;478;324;20;20;"2";"5";"5"
66;493;312;20;20;"2";"6";"6"
66;552;276;20;20;"2";"7";"7"
66;569;267;20;20;"2";"8";"8"
66;587;259;20;20;"2";"9";"9"
66;154;614;20;20;"3";"1";"1"
66;244;467;20;20;"3";"10";"10"
66;255;451;20;20;"3";"11";"11"
66;265;435;20;20;"3";"12";"12"
66;276;419;20;20;"3";"13";"13"
66;288;404;20;20;"3";"14";"14"
66;300;389;20;20;"3";"15";"15"
66;312;374;20;20;"3";"16";"16"
66;325;360;20;20;"3";"17";"17"
66;339;346;20;20;"3";"18";"18"
66;352;332;20;20;"3";"19";"19"
66;167;600;20;20;"3";"2";"2"
66;365;318;20;20;"3";"20";"20"
66;410;323;20;20;"3";"21";"21"
66;429;321;20;20;"3";"22";"22"
66;447;312;20;20;"3";"23";"23"
66;463;302;20;20;"3";"24";"24"
66;478;291;20;20;"3";"25";"25"
66;534;252;20;20;"3";"26";"26"
66;551;242;20;20;"3";"27";"27"
66;568;234;20;20;"3";"28";"28"
66;585;226;20;20;"3";"29";"29"
66;179;585;20;20;"3";"3";"3"
66;603;219;20;20;"3";"30";"30"
66;621;213;20;20;"3";"31";"31"
20;1304;819;20;20;"3";"47";"47"
20;1320;826;20;20;"3";"48";"48"
20;1337;830;20;20;"3";"49";"49"
20;449;831;20;20;"3";"5";"5"
20;1354;834;20;20;"3";"50";"50"
20;1371;838;20;20;"3";"51";"51"
20;1389;840;20;20;"3";"52";"52"
20;1406;842;20;20;"3";"53";"53"
20;1424;844;20;20;"3";"54";"54"
20;466;827;20;20;"3";"6";"6"
20;483;823;20;20;"3";"7";"7"
20;499;816;20;20;"3";"8";"8"
20;515;809;20;20;"3";"9";"9"
20;388;818;20;20;"4";"1";"1"
20;538;774;20;20;"4";"10";"10"
20;552;763;20;20;"4";"11";"11"
20;565;752;20;20;"4";"12";"12"
20;578;740;20;20;"4";"13";"13"
20;666;694;20;20;"4";"14";"14"
20;681;685;20;20;"4";"15";"15"
20;697;678;20;20;"4";"16";"16"
20;713;672;20;20;"4";"17";"17"
20;730;666;20;20;"4";"18";"18"
20;747;663;20;20;"4";"19";"19"
20;406;816;20;20;"4";"2";"2"
20;764;659;20;20;"4";"20";"20"
20;781;654;20;20;"4";"21";"21"
20;798;651;20;20;"4";"22";"22"
20;815;647;20;20;"4";"23";"23"
20;832;645;20;20;"4";"24";"24"
20;850;643;20;20;"4";"25";"25"
20;867;643;20;20;"4";"26";"26"
20;932;643;20;20;"4";"27";"27"
20;949;643;20;20;"4";"28";"28"
20;967;645;20;20;"4";"29";"29"
20;423;814;20;20;"4";"3";"3"
20;984;647;20;20;"4";"30";"30"
20;1002;651;20;20;"4";"31";"31"
20;1019;654;20;20;"4";"32";"32"
20;1036;659;20;20;"4";"33";"33"
20;1053;663;20;20;"4";"34";"34"
20;1069;668;20;20;"4";"35";"35"
20;1086;674;20;20;"4";"36";"36"
20;1102;680;20;20;"4";"37";"37"
20;1118;687;20;20;"4";"38";"38"
20;1133;696;20;20;"4";"39";"39"
20;440;811;20;20;"4";"4";"4"
20;1225;743;20;20;"4";"40";"40"
20;1238;755;20;20;"4";"41";"41"
20;1251;766;20;20;"4";"42";"42"
20;1265;777;20;20;"4";"43";"43"
20;1280;786;20;20;"4";"44";"44"
20;1295;795;20;20;"4";"45";"45"
20;1312;801;20;20;"4";"46";"46"
20;1328;807;20;20;"4";"47";"47"
20;1345;811;20;20;"4";"48";"48"
20;1363;815;20;20;"4";"49";"49"
20;457;807;20;20;"4";"5";"5"
20;1380;817;20;20;"4";"50";"50"
20;1397;819;20;20;"4";"51";"51"
20;1415;821;20;20;"4";"52";"52"
20;475;803;20;20;"4";"6";"6"
20;491;798;20;20;"4";"7";"7"
20;508;791;20;20;"4";"8";"8"
20;523;783;20;20;"4";"9";"9"
20;396;796;20;20;"5";"1";"1"
20;541;744;20;20;"5";"10";"10"
20;554;732;20;20;"5";"11";"11"
20;650;683;20;20;"5";"12";"12"
20;665;674;20;20;"5";"13";"13"
20;680;666;20;20;"5";"14";"14"
20;696;659;20;20;"5";"15";"15"
20;713;652;20;20;"5";"16";"16"
20;729;647;20;20;"5";"17";"17"
20;746;644;20;20;"5";"18";"18"
20;763;639;20;20;"5";"19";"19"
20;413;794;20;20;"5";"2";"2"
20;780;635;20;20;"5";"20";"20"
20;797;631;20;20;"5";"21";"21"
20;814;628;20;20;"5";"22";"22"
20;832;626;20;20;"5";"23";"23"
20;849;625;20;20;"5";"24";"24"
20;867;625;20;20;"5";"25";"25"
20;932;625;20;20;"5";"26";"26"
20;949;625;20;20;"5";"27";"27"
20;967;627;20;20;"5";"28";"28"
20;984;629;20;20;"5";"29";"29"
20;431;792;20;20;"5";"3";"3"
20;1002;633;20;20;"5";"30";"30"
20;1019;636;20;20;"5";"31";"31"
20;1036;640;20;20;"5";"32";"32"
20;1053;645;20;20;"5";"33";"33"
20;1070;650;20;20;"5";"34";"34"
20;1086;655;20;20;"5";"35";"35"
20;1103;661;20;20;"5";"36";"36"
20;1119;668;20;20;"5";"37";"37"
20;1135;676;20;20;"5";"38";"38"
20;1150;685;20;20;"5";"39";"39"
20;448;789;20;20;"5";"4";"4"
20;1249;735;20;20;"5";"40";"40"
20;1262;747;20;20;"5";"41";"41"
20;1275;758;20;20;"5";"42";"42"
20;1289;769;20;20;"5";"43";"43"
20;1305;777;20;20;"5";"44";"44"
20;1321;783;20;20;"5";"45";"45"
20;1338;789;20;20;"5";"46";"46"
20;1355;792;20;20;"5";"47";"47"
20;1372;795;20;20;"5";"48";"48"
20;1390;797;20;20;"5";"49";"49"
20;465;785;20;20;"5";"5";"5"
20;1407;800;20;20;"5";"50";"50"
20;482;780;20;20;"5";"6";"6"
20;498;774;20;20;"5";"7";"7"
20;514;765;20;20;"5";"8";"8"
20;528;755;20;20;"5";"9";"9"
20;404;776;20;20;"6";"1";"1"
20;633;672;20;20;"6";"10";"10"
20;648;661;20;20;"6";"11";"11"
20;664;653;20;20;"6";"12";"12"
20;680;646;20;20;"6";"13";"13"
20;696;640;20;20;"6";"14";"14"
20;713;634;20;20;"6";"15";"15"
20;729;628;20;20;"6";"16";"16"
20;746;625;20;20;"6";"17";"17"
20;763;621;20;20;"6";"18";"18"
20;780;617;20;20;"6";"19";"19"
20;422;774;20;20;"6";"2";"2"
20;797;613;20;20;"6";"20";"20"
20;814;610;20;20;"6";"21";"21"
20;832;607;20;20;"6";"22";"22"
20;849;606;20;20;"6";"23";"23"
20;867;606;20;20;"6";"24";"24"
20;932;606;20;20;"6";"25";"25"
20;949;607;20;20;"6";"26";"26"
20;967;609;20;20;"6";"27";"27"
20;984;611;20;20;"6";"28";"28"
20;1001;615;20;20;"6";"29";"29"
20;439;771;20;20;"6";"3";"3"
20;1018;618;20;20;"6";"30";"30"
20;1035;622;20;20;"6";"31";"31"
20;1052;627;20;20;"6";"32";"32"
20;1069;632;20;20;"6";"33";"33"
20;1086;637;20;20;"6";"34";"34"
20;1103;643;20;20;"6";"35";"35"
20;1119;649;20;20;"6";"36";"36"
20;1135;655;20;20;"6";"37";"37"
20;1151;663;20;20;"6";"38";"38"
20;1166;672;20;20;"6";"39";"39"
20;456;767;20;20;"6";"4";"4"
20;1270;729;20;20;"6";"40";"40"
20;1284;741;20;20;"6";"41";"41"
20;1299;750;20;20;"6";"42";"42"
20;1314;758;20;20;"6";"43";"43"
20;1330;765;20;20;"6";"44";"44"
20;1347;770;20;20;"6";"45";"45"
20;1364;774;20;20;"6";"46";"46"
20;1381;777;20;20;"6";"47";"47"
20;1399;780;20;20;"6";"48";"48"
20;473;762;20;20;"6";"5";"5"
20;489;755;20;20;"6";"6";"6"
20;504;747;20;20;"6";"7";"7"
20;519;737;20;20;"6";"8";"8"
20;533;726;20;20;"6";"9";"9"
20;410;756;20;20;"7";"1";"1"
20;602;669;20;20;"7";"10";"10"
20;617;660;20;20;"7";"11";"11"
20;632;651;20;20;"7";"12";"12"
20;647;641;20;20;"7";"13";"13"
20;663;634;20;20;"7";"14";"14"
20;679;626;20;20;"7";"15";"15"
20;696;620;20;20;"7";"16";"16"
20;712;614;20;20;"7";"17";"17"
20;729;608;20;20;"7";"18";"18"
20;746;606;20;20;"7";"19";"19"
20;424;754;20;20;"7";"2";"2"
20;763;601;20;20;"7";"20";"20"
20;780;597;20;20;"7";"21";"21"
20;797;594;20;20;"7";"22";"22"
20;814;591;20;20;"7";"23";"23"
20;832;589;20;20;"7";"24";"24"
20;849;589;20;20;"7";"25";"25"
20;867;588;20;20;"7";"26";"26"
20;932;590;20;20;"7";"27";"27"
20;949;590;20;20;"7";"28";"28"
20;967;591;20;20;"7";"29";"29"
20;438;752;20;20;"7";"3";"3"
20;984;593;20;20;"7";"30";"30"
20;1001;596;20;20;"7";"31";"31"
20;1019;599;20;20;"7";"32";"32"
20;1036;603;20;20;"7";"33";"33"
20;1053;608;20;20;"7";"34";"34"
20;1069;613;20;20;"7";"35";"35"
20;1086;618;20;20;"7";"36";"36"
20;1103;624;20;20;"7";"37";"37"
20;1119;630;20;20;"7";"38";"38"
20;1136;636;20;20;"7";"39";"39"
20;452;749;20;20;"7";"4";"4"
20;1151;644;20;20;"7";"40";"40"
20;1167;651;20;20;"7";"41";"41"
20;1182;660;20;20;"7";"42";"42"
20;1197;669;20;20;"7";"43";"43"
20;1290;718;20;20;"7";"44";"44"
20;1300;727;20;20;"7";"45";"45"
20;1311;736;20;20;"7";"46";"46"
20;1324;743;20;20;"7";"47";"47"
20;1337;749;20;20;"7";"48";"48"
20;1350;753;20;20;"7";"49";"49"
20;466;746;20;20;"7";"5";"5"
20;1364;756;20;20;"7";"50";"50"
20;1379;757;20;20;"7";"51";"51"
20;1393;759;20;20;"7";"52";"52"
